<?xml version="1.0" encoding="UTF-8"?>
<!DOCTYPE hibernate-configuration PUBLIC "-//Hibernate/Hibernate Configuration DTD 3.0//EN"
        "http://hibernate.org/dtd/hibernate-configuration-3.0.dtd">
<hibernate-configuration>
    <session-factory>
        <property name="hibernate.connection.driver_class">com.mysql.cj.jdbc.Driver</property>
        <property name="hibernate.connection.url">jdbc:mysql://localhost:3306/sklep</property>
        <property name="hibernate.connection.username">sdatest</property>
        <property name="hibernate.connection.password">Start123!</property>
        <property name="hibernate.show_sql">true</property>
        <property name="hibernate.hbm2ddl.auto">create-drop</property>
        <property name="hibernate.dialect">org.hibernate.dialect.MySQL5Dialect</property>
        <mapping class="entity.Klient"/>
        <mapping class="entity.KategoriaProduktu"/>
        <mapping class="entity.Producent"/>
        <mapping class="entity.Produkt"/>
        <mapping class="entity.Adres"/>
    </session-factory>
</hibernate-configuration>